cpu,ram,network,process_count
42.483570765056164,59.795488056102016,179.74465175076855,130.9219244212261
39.308678494144075,56.47243578038938,195.66443987853447,141.396149892205
43.23844269050346,50.41741258944122,176.22740237000116,145.86394466578355
47.61514928204013,45.471442556060985,190.76115411082878,168.87687657340192
38.82923312638332,54.88756319529513,143.19155999138644,155.56553124533758
38.8293152152541,52.75439769795225,206.39881122118817,136.64518430900108
47.896064077536955,56.26635254019413,200.03616426086674,154.86036289417638
43.837173645764544,54.446202611773785,175.48734106795428,134.52696011061636
37.65262807032524,57.34686900723535,219.77737005297215,160.82691053887072
42.712800217929825,46.25335351907602,228.12710412879676,145.2887534818212
37.68291153593769,59.22175845944028,151.77320406893077,149.0636381126083
37.671351232148716,51.3831972328468,177.11825664301358,163.2579664754219
41.20981135783017,64.52682610837687,176.92572950638106,137.1283643141575
30.43359877671101,45.17568527337303,171.80290696673407,136.02881814887007
31.375410837434835,62.15174662215674,224.88424525795244,144.16400673653996
37.188562353795135,51.38537548423854,194.1852158368159,160.38378851019317
34.93584439832788,45.44007397469886,192.0645547606817,134.8065392452316
41.57123666297637,46.61279916161975,139.8841290677974,121.67844401889431
35.45987962239394,47.757568842639756,219.06254090627678,145.48841141591
32.93848149332354,52.96916162481342,162.82224815439582,155.5174079991092
47.32824384460777,53.659848416248494,201.79797890798986,162.0026174973883
38.87111849756732,45.984099972429945,208.32130813874576,145.36838637914602
40.337641023439616,49.82951785417312,240.81975787515952,145.88573392883998
32.87625906893272,64.99589251028304,160.73538802642665,161.53900734255748
37.27808637737409,62.09280219070498,109.41463532537524,131.30258300304578
40.554612948549334,53.05426568771823,205.51548634261084,146.11479224816992
34.24503211288849,50.2660243471774,254.0153354453256,151.90423889925057
41.87849009172836,50.84021928702783,237.16839058818312,154.49218721285035
36.99680655040598,54.294625809112915,206.28978245823876,144.90193306809118
38.54153125103362,42.84045204361116,185.25091443103858,150.3444101170584
36.991466938853016,48.19836423803658,224.21367789911932,125.1167264658701
49.26139092254469,38.319911482856874,170.79361400886594,143.41751587666153
39.93251387631033,52.79456185823695,214.29073308068658,154.53508712554466
34.7114453552205,54.53037157791918,215.1641047749988,140.1770596574532
44.11272456051594,46.61769476390438,231.80629722496639,150.58984221589597
33.89578175014489,61.01790734303023,282.7898011673323,154.46872500802698
41.04431797502378,41.419640358983614,211.77247901536302,146.57450799142234
30.201649380601122,39.74937583853126,184.73109122877503,151.7046377099657
33.359069755507846,51.571162729919806,199.23277063424015,140.3726743471539
40.984306179345616,57.329688118285084,146.92772285332646,147.93388720303955
43.69233289997705,61.78749384020508,179.15860606732826,156.10216169589222
40.85684140594985,46.78781015991742,187.72152685660689,151.56972960968434
39.4217585880588,57.55076583401907,184.27734806196221,144.13468730436065
38.494481522053555,49.73044071349505,204.57064616101167,152.24216404290792
32.60739004816286,48.79160890041426,175.32740202853398,157.14609790636618
36.40077895802646,56.18561956240671,233.63092001973413,129.50058721422522
37.696806145201066,54.56626014889394,200.00621194754592,161.59074064955897
45.285611131094576,38.96525490111026,199.72099036584157,146.63745261318928
41.718091447842305,60.33578244808127,190.16315850461245,154.25489933240232
31.18479922318633,59.66063947903216,204.65572051576936,161.97246923645227
41.620419846973974,45.6210610894333,224.75294794002903,136.28326302769534
38.07458859791842,52.77062473406186,173.986093528673,142.90558997572452
36.61538999847021,53.45821130397917,180.2565053277423,147.11451304124296
43.058381444204336,51.82471636076735,190.88821913670006,142.16246478875573
45.154997612479754,46.147863923082056,159.62387229580355,167.3493657583681
44.65640059558099,45.29863642443364,175.42226420835507,141.43227906173206
35.80391238388681,49.821121503059885,185.71337379366022,144.44453220513134
38.45393812074393,58.20910313481555,226.23167542138182,152.04389031602977
41.65631715701782,53.80520108216103,207.87683987005775,137.9785047392391
44.877725635611796,47.40569967539726,205.80769734102634,146.04319288243735
37.60412881077355,55.40189097453841,225.52693886503917,153.17453261250176
39.07170511668092,30.060201655589474,195.8788463480181,146.67139595617488
34.468325129969855,58.041359902604725,211.7139454978667,149.06613141100053
34.01896687959665,37.822003548553305,196.9033474120251,144.7066788755163
44.06262911197099,47.462913410178075,207.96087048198885,134.85529690819232
46.78120014285412,42.16231073761699,182.51724027165253,153.2159321133924
39.63994939209833,40.93722966995366,126.83548525170713,167.5493307164724
45.01766448946012,58.125787511649634,195.97162513441089,150.18401630783438
41.808180125238174,46.72609159081676,242.6824440829982,152.2526411724755
36.774401226974376,52.42552717211501,227.78646206724778,156.92722755116858
41.80697802754207,49.67155594784571,228.96192453773511,137.30669503453302
47.690182832329846,53.33928579056185,237.08392165418653,167.02514658129604
39.82086980445024,50.53775323742179,202.6597277288431,152.02328796422802
47.82321827907003,41.019054430680015,205.91947122216786,166.3185689908911
26.901274479551276,56.97386773612998,181.4704431369695,142.6696700447601
44.10951252187612,46.543703917870815,190.51781431918852,168.18061922557825
40.435235341190854,39.10392670938174,218.47313449313424,157.75155494034783
38.50496324767066,47.003193873238615,236.1165331150645,155.5304008585236
40.458803882677515,60.50531853444018,195.81661172957,152.34024454353147
30.062155426995538,55.95155219479445,186.49432205445765,147.51471381925552
38.90164056081244,47.55943505914499,200.0158387656979,162.00531658473872
41.78556285755873,47.555196069771,218.03620246787344,151.40359869848047
47.38947022370758,47.74855464147832,156.68435551599373,130.3293029641285
37.40864890863176,64.53723588492589,131.11457140588286,138.82813538293
35.95753198553406,52.67354816562087,183.4838945152525,148.14154247807252
37.491214782077314,53.01029153033749,163.37862722257523,153.09998983165556
44.57701058851037,57.21198417822289,184.75579407058066,149.43411511100103
41.64375554829842,51.6715241131856,195.56659043547586,162.18970789793664
37.351198981164806,48.186704979255076,186.4025477293096,130.48898135961375
42.56633716556678,48.62555105640515,243.57402603412237,151.4358793650516
40.4853877467402,49.49879118410155,209.80234293806961,131.82020774612846
44.84322495266444,49.73944434443111,209.01423078832485,157.5971229548417
36.48973453061324,55.093406805458855,218.66621432130205,149.05541285557996
38.36168926701116,50.363621200651096,165.83500646657694,154.1960997202412
38.03945923433921,55.12848054050905,231.17335362260806,141.36117039410234
32.68242525933941,49.43498393923992,197.7270714039362,162.7946493165775
41.48060138532288,50.55044633221264,220.11441851723637,160.4172466405885
41.30527636089945,36.01259520827524,167.84428300879534,155.83544303011888
40.025567283212304,56.41429372291737,153.38723701951807,148.7048275313656
38.82706433312426,52.42541933128595,224.53668974075086,155.7985728529513
32.923146289747926,56.986070769017566,211.2922857829255,142.9310743201265
37.89677338617321,29.726212352644175,172.9384533692747,158.55555659020712
38.286427417366156,64.61862293346509,173.91010756175916,166.4948089432392
35.9886136538919,49.022872602913786,233.76304353244308,160.70610559979187
39.19357144166995,57.75727971716262,164.31764321398015,142.7039753019259
42.02025428407269,42.72065851012128,249.2801885976789,153.61417317273103
49.43092950605265,54.28941733543799,172.98137796056395,137.06858456241352
40.872889064159196,42.62609105778441,219.15175776825149,155.72390311175675
41.28775195361382,45.63361727512937,190.14144572753045,154.5060341286254
39.62777042116917,63.3982194770675,218.0956229324703,131.30183660467836
30.406143923504793,48.665223194656576,183.67657993657423,138.38216156087637
39.867430622753915,51.52203011225806,195.11621281783118,147.16861103256232
40.30115104970513,56.090474114821276,201.22757526187164,146.99140252859175
52.316210562426434,53.46977321580823,169.93437632655582,137.90523064581194
39.03819517609439,51.052932336005036,222.22473036260376,153.88978729352183
41.50773671166806,52.55472701726358,184.60359300585245,152.51473608940512
39.82644115147378,66.82390909666793,193.14200253979945,148.05730868021482
34.15660981190234,49.5966684207649,170.16951876174463,142.44208499841636
45.7141140725751,51.40769332700477,123.12999023614069,160.48707126416565
43.75966516343387,57.35458077205328,194.26916712199494,166.55407113088296
43.95515973521523,57.73868153070589,272.3784626483875,145.16438516153463
35.4530627260263,58.30921213892266,223.5381286369407,143.8783308284518
47.013971554680495,54.47111155420429,199.42218860796817,154.91207665411997
32.990744686038596,41.998965610886614,192.11327512375198,146.41970620253014
42.93428546900135,61.434020726107676,200.6739767843614,148.60602799336766
50.952278129049894,41.97558224886919,216.4135734552563,157.39653151724673
35.04731837434656,52.11844825667323,164.57561554073465,130.90643912492706
37.16851135198614,44.72006904986449,233.42965084006616,163.1830232485267
40.498256825438204,49.55103157384905,221.46143946323733,150.72680524329343
37.482621729419,52.30133687212437,221.54557177123803,145.8850685543782
32.24668284466934,52.24950050815191,213.15427216429183,149.1076584577855
40.34281487403014,52.95344527964699,200.5884997308197,149.62429355020518
34.688481431369475,61.29597888341053,220.18583707900459,132.68798696555075
42.36796215317591,53.17474011059786,217.75442401224134,164.94938227453235
35.402878828830985,48.29090355296546,189.37877867176928,150.4132563227062
47.7496720250877,56.7486101780185,182.79194681309298,154.43002130447374
36.08373353831882,58.32629342247248,203.0556888578596,159.51549770574042
38.38969241897162,41.40674529404105,246.47060454485563,139.788375424397
44.06758608684835,54.18180048894901,162.826787730383,154.7347189903523
33.84567841783022,54.90820919617629,155.97424202742678,147.32358909101205
41.13729967302065,47.91705547648006,204.9428252370955,158.46770775216493
46.53571377141214,59.629947693181336,201.52663105568055,128.72772579648506
31.96258382719386,48.94961089077231,205.20024993111224,149.00905699758732
40.92316929266152,50.879035174300796,207.318595937255,143.9717934421604
41.29941397124212,48.788497230012915,193.30393236095586,154.32262950634154
43.909114358886555,50.10905333307027,244.69590315806246,154.70044187368202
33.81524644560959,42.326074391733584,151.97288064570455,142.92374105177973
33.39771693457862,39.91964382183994,175.14508925659263,142.87826135823957
42.60970782808449,61.1615354425748,196.90235719552857,148.8933463144267
41.48492336616593,44.071270561771705,150.70433566537497,141.0335777268479
41.252464251729386,43.06025355380585,194.72436786703787,158.41983695452126
41.73224104748488,34.926269204773995,249.84410497184055,146.30792799552555
36.59987639210755,45.52726776617349,200.62659464887886,120.93011780678358
41.16126848580502,40.73837144614751,206.9210271715605,146.25177943378193
41.46536236649341,61.494106120954584,162.1950570448226,139.61456179156028
36.42824290986816,57.06871962539844,181.50915775881566,133.68724184539053
49.328872555723784,45.18294758375593,188.74410859028188,137.62573361777427
42.36916460455894,65.76705063741016,190.46854709731298,151.0940847183297
34.04348251398676,56.87235840894116,238.44931385011307,163.2864082824823
43.28276804316915,47.72618031543964,216.73073182175375,153.1318447386498
35.126591648863396,32.50415999588499,166.65626129188905,143.9349661178426
43.93542301871226,66.0365980081352,207.39514335296013,154.55904195170703
45.79297789503702,40.27299273265483,214.94665245490356,145.4090968978101
35.89658840824145,38.48220877130176,234.204471155638,143.05399630836854
44.816880646221605,57.15799302406748,247.41622059705122,138.45637331767017
42.063904634682494,67.07826684437491,169.54717424516394,132.48171193248282
44.11030079997245,59.68990972957363,175.67427466368986,146.10076293440554
49.48396491326974,53.94736384036652,162.2726642325615,151.58053489920133
38.77305941998565,54.163280391657004,192.97940422679056,149.0337632998511
36.23131917821255,55.97390891146215,213.99075123339003,145.84033072052642
35.55242785187238,55.31250012850735,229.62003549767306,140.5425393930322
35.92094857517281,51.96833996778563,197.72146929072431,156.0824619168497
39.61449145292948,50.72940772766313,190.4045743023547,136.82868080053416
41.70575987408322,49.561848104703344,204.5527397674622,157.76027913843475
41.3834539966501,44.72224787793326,174.94571295109932,139.97782981073274
44.13591624518012,48.03527446193258,262.6861616508432,142.47564762646965
40.065009459389536,38.1493023006323,151.77016918645825,135.33214809384322
47.26767038578659,49.31162261243675,205.54221736687174,144.98597853114364
38.67671583381022,43.079862249943574,260.7081865768892,159.75312458477978
53.600845832948096,42.27487477948961,200.20399533679992,155.15628088443955
43.128336738825034,51.25925905807435,194.29882894995518,159.78422112028036
35.714212217918586,59.744016004412195,189.2766373156872,155.22142545933937
34.645537509694435,56.42821624201619,194.58824954712776,138.9633017146963
42.41236207621593,39.00649577463776,241.1854542402959,146.69210775672443
38.88268607337075,43.072603044007636,133.6441426601148,142.19800870882537
43.57000247046046,56.58539831591751,246.00301103888978,163.3057490403904
42.366188122867726,43.12258824523183,157.28128542649566,138.0321135357369
39.63585543671564,48.42756795002083,192.00043012296754,158.9369768938911
35.76603140965798,53.85036469317186,187.12266739104015,158.9295387010877
32.42576387657068,43.221588815954554,217.6565980931216,168.29620201716088
37.767425239664895,50.73762854302172,152.05626944348757,145.90313407370502
44.28199397161736,40.66182153557257,213.86517998245827,157.12322159580162
41.07046872065102,45.7904264923415,260.72928869860556,172.81651836538842
33.77130610644006,52.23847353899776,159.10477986221568,143.82358323066305
40.86590462925591,38.84904386527832,205.69118502831188,134.6495975246764
41.92658689864418,53.083323165722796,180.14053466610173,131.19989966092237
35.580712818994336,49.862535407513235,212.77661618579108,157.12712028861333
40.768625529727636,53.86742968092003,200.57443332247257,131.16849791941416
40.29104359223,51.56739893845263,180.7553927286707,146.27680947062078
34.28514851084688,59.54898300981691,214.6361685461322,154.3731318703896
41.788936801741414,50.87657151853535,254.1304432936023,151.85175536829914
42.803922631841175,46.99416121212323,194.27288624818104,154.25444864184172
45.41525621587638,50.856082521225986,221.59273826444547,152.22289855800855
45.26901026017451,53.803086203254715,161.2018112638651,162.78865813313394
33.111653160214544,50.34202049227993,171.30690869545973,140.47683619261204
35.310874800424386,50.284141838427175,214.17218833641132,143.2300486154147
42.5751763360433,45.08605818535271,244.52348085607895,142.27340554729176
42.56892975456105,45.35969357714336,210.6684004635698,158.3019181186261
42.57523843153024,40.18176309740215,190.60825908430536,159.00398588395063
59.26365745327361,62.247037202308576,199.97874216270063,154.51225319318507
42.85445255346583,41.292957352261006,162.48776798090847,161.83493666889927
45.677828200902994,45.14966361542865,218.135459790661,138.21959132623618
44.770008817466014,44.971149141015616,226.46999186970228,166.67224111551138
43.25695625652899,56.26447063861109,186.4372900150076,165.23238621712258
38.423653776798275,47.935352251955806,185.89873556721494,157.35621997245747
43.79484610246634,58.734194508716136,207.97634688956146,167.8179890877106
36.13587392731214,45.28556563029292,186.89840791878214,133.43376792322226
38.815906966299956,51.952959135566616,198.01602156122533,144.75551863737348
37.57318226085448,44.152570627181696,262.99165367499546,142.64696539318047
40.40937069693161,65.01604389441371,192.5892289776201,157.21479323757345
51.573292833367546,41.68681106679341,189.24979543936334,139.49859260397855
30.66367403704126,52.16874497158919,180.57374583094523,157.57495149337487
43.431300951872565,54.43643816652469,222.3257591449981,163.70536143996713
31.936420644051744,52.896593682160486,194.56327480345692,156.95202900083999
37.64034067105283,48.70298638785604,180.51880885035723,152.837510236615
45.44475298483683,49.09125510186602,239.63912096819035,140.12126659099252
40.321400095477316,50.30668030385377,242.58809013540912,141.53149033874635
34.61127611035347,48.97098598860058,181.98729302783886,162.49618905296666
36.42348145370016,56.74715381756437,144.00380145918152,157.79349003905332
43.39798874467338,65.47366101113946,230.22541069510766,149.60980480622456
36.34816684141432,46.097557504945165,179.46110522719988,145.82090454234108
41.08229294790988,40.41137914294646,223.71876797488306,129.74192126888624
40.22785919951907,49.38202566154121,140.89688546864494,139.2914758131556
36.74199826197091,68.05796536358022,226.77792014897926,169.11419087139723
50.719720446626624,44.37427802421188,163.66484212157656,137.19544428997534
43.169595111590056,61.47381763810847,221.92292357199574,151.89479821221082
29.874287066711965,61.74390569853509,200.42819203509302,160.074439731952
40.93227157384714,46.124882308044036,171.38181741810067,137.4507733199771
36.69106767615806,53.982881554296924,187.7889106121966,151.84710474781085
44.26216667398112,61.39877636189976,220.58955370870103,159.37915537510656
36.037396307836495,47.34610581308759,203.17683359345702,150.1249932190725
39.42631779266551,48.57493747928347,217.53238941417453,178.6840305566677
42.524936394902284,45.92823360235949,259.2932175354646,133.31400741121806
44.32877597085061,42.896702885149935,153.07275164866846,160.5872852988388
33.99851796472112,45.45505718453795,248.51637724905873,148.27198262603537
38.327493820795254,41.4324181326642,203.1306781256964,157.71920154836675
37.625273444195216,50.23858427781458,173.03647855030616,154.41307151699246
36.73335383713144,44.61018738258951,160.09059122783032,142.66843802890003
48.82727120140548,51.636501382535236,194.326388276689,152.2899639245934
42.024908554804774,39.10873047657461,227.64950335773378,131.42098548601712
33.69558022832477,52.3161616255012,196.17352638867396,156.03247500571393
44.58930973527388,55.834702731262475,245.33464790742042,152.98158465990525
50.610780985063165,36.04385050199981,156.46472929845322,156.38660168643102
45.16232630275574,52.618395988933,199.63733156461836,160.5811832508715
32.403150170229935,58.59368294731304,162.42819666760641,153.6761984020971
37.57882963566874,41.532512869161565,210.90895647874905,151.48089419798276
46.334555745933116,61.70800670786392,226.606621702919,141.18931663338708
36.461652671906094,52.933133065562316,187.3771461895684,142.87779236350949
42.219097140731144,45.064917009691136,121.87358430118597,161.8673462017733
43.87317026714668,49.60961645639606,205.96844440389484,164.36335405705978
35.36534764210958,53.90828838765206,213.10215655200528,147.61889563687947
39.702373219691,50.53203773988688,212.12884264885093,150.46002747253274
23.793663299654636,53.77129194712458,237.07346575466462,140.95385625006233
34.87806179332855,43.55528484844444,167.86838961052854,161.72756845267446
38.7371592430342,51.185525768252546,220.40648316351349,156.6541682369178
33.76108409017575,40.10399852166514,235.77522537433924,169.41217436463748
48.16205651965818,49.2214175705591,146.6423724798045,141.21676922820262
32.84929311019684,43.67264650974647,209.5895547775693,146.21992100981782
37.79977756651508,44.85129040187164,184.87460506976984,152.31445922525572
40.65370288643046,58.652652226473066,197.55431980695062,156.4648953772577
47.20636644533058,57.639170844159885,210.4302945061501,147.84332362452366
32.8206892441028,54.263966846350236,185.38314307659343,141.270389095463
45.815818760774796,42.35381064729195,179.72875762515164,158.81407528923572
40.05116530509793,47.78514085213639,201.02457252464075,157.2113536254558
35.09245674476024,58.49168389985428,167.38262183411592,140.83725899436274
42.31051737131635,50.992018395479334,167.42524613344443,163.55442801105497
40.99529847786735,66.23530677987186,220.3811984886951,161.70198709196603
36.99891561420603,52.7532248757606,165.53617894524032,151.34296497247792
40.349010424950094,51.34434381543022,219.98937502727637,150.79597862376036
38.073432015691196,47.83618475058249,213.87773878561853,155.54057771115907
40.56758672625624,50.93478633347598,148.2257981362821,141.38296929743743
43.31065337260523,48.93271114533619,179.67306042993033,150.30031479164083
47.93008408072676,54.95676073682013,235.82328209142116,128.4761645539082
33.810922505865754,56.69691621756209,170.56503406580956,158.76455645502935
50.665166873281336,44.49807377644436,186.06787213071837,134.3850677755814
30.23956100238749,40.68136932509555,213.8618267975569,165.03419828429
39.24107452482208,37.14656238827693,223.50171527847786,146.6987990603355
42.94158603242288,53.555939288387805,192.45383341866514,147.88333018068823
41.40495933867516,42.276433756782886,182.07469415925075,143.72266093915493
36.88650240089703,34.92976584933262,242.67109585095523,147.11961126077924
38.95938874821363,52.72005023171675,252.16698991392735,164.18531345148037
37.53499532670584,67.45099662202954,229.36574152345386,125.1219134346492
37.053176215278945,49.957503619220745,202.55954427695073,162.76965386088187
44.24801048510513,55.86943542116149,175.7520283507722,153.3802348110171
41.785077429825236,50.57280550983295,175.08666780330304,137.92978352142785
36.53545202369673,49.307772427662,215.67542315797272,139.2468760695076
44.49799937716625,56.43353538091438,212.5519466266605,166.76393027208204
41.536497604383044,47.96807819067944,242.0479577883929,140.54493120057268
44.0643105941948,51.871746198503324,219.51350277608418,138.4664948940404
43.14814420961806,52.251884643372094,154.90759094720545,161.3731454236473
35.85502494538964,45.323366824498656,231.55842853168755,153.38552876285914
37.19909479901515,56.94429644675566,170.0581811805676,140.62074423463602
43.73646802561631,48.77528170313214,188.48086184142946,152.1662497540462
43.05185132716733,44.70978388355009,207.50600618755084,139.74247316359723
39.89549203017926,53.75556890499283,259.8700246935189,161.00821398422605
40.58663691654391,43.71072412746274,293.2975566801608,160.61370964873134
46.388324478942124,50.197268101583894,218.20169177408548,155.32006198821944
37.04214305582085,49.936167023490576,194.50410143838837,153.61661061247017
42.73548690585019,57.601268960821045,216.03516945441652,167.61188124867374
38.98903673783053,53.32288763015967,226.62966277621507,149.99686327388224
38.911593983863895,49.82481128878399,190.37997123328424,138.18125874579198
45.49388425993595,55.724364094402006,253.85634067736967,154.49473912832306
44.12708174494015,59.73145284312119,206.90212277574207,170.86047049537115
44.06754818000319,53.904672144463035,214.93229267274182,139.85240506814148
46.52739403577164,50.07246833890366,219.97772756163386,146.38537233306013
40.105019208163796,40.81714637354888,212.64759831843367,154.16446038101452
43.40976485647482,42.54420435847239,225.16821501408836,149.46095150994262
38.44866621703272,47.86342706951733,181.4824044035923,140.17696419622686
41.62083176244221,45.73341458488502,183.25094738161908,161.2185785623047
39.34928472816158,48.69120087910188,166.99537301084916,173.2004072201726
40.48497982496359,50.39654947427975,213.18503691860678,151.96131459023908
42.975785127184565,53.707849280497115,223.3680951053634,140.95931710264
35.908896583832636,49.506508553586364,213.73318598455657,134.51039474946526
50.4619363784273,53.40551150678341,250.23477300042612,152.57975981221182
34.96991309250149,50.45132090367084,199.8321194351286,161.0387734331626
33.92905693606134,36.1717340355229,220.06224966777538,154.75167746495381
45.79055436750034,43.42465224326872,167.24897371582057,149.97596159081147
43.95831346981468,48.99138710994869,188.38700892576796,144.10728348210694
43.12059908526078,41.53213680011225,220.86613272697332,139.0783636728191
43.1417275463214,54.19950110997343,225.4730633222943,158.34751326324883
39.93876613576543,60.71525582640588,191.18099157007453,159.13771621385587
35.51372814257084,58.53133296188122,197.85202244425798,134.54270213309266
40.379022790968634,48.50589990348855,154.4637875995757,165.89838978180683
36.61419144243944,60.43508295794966,189.28912397580172,155.74071220894
44.87559866708875,51.04067220041478,226.71149490559358,163.99594645145794
39.26471309248931,47.64039820217373,217.256150483197,136.57872251514885
35.87251401603744,45.706181355213424,215.01997164143629,136.3417584458456
38.393070791735035,47.8827121945831,201.4932106154288,148.51030690232705
42.064657271378124,47.2827622702114,200.2118947588453,155.02784426895195
37.18137723598013,51.19291355662841,180.19036581579658,167.96360822926962
35.888898022167844,51.12401786734905,220.96485260607605,157.0607891381513
41.21843605745956,50.0213221410739,212.6291883316817,147.57318723187967
41.22483285554361,53.05856718822445,214.760565439784,139.7363079233411
37.46528412314435,58.33452392350439,184.2189547199726,162.3000057271915
37.644808471908384,56.64687894808927,135.39971240386268,140.35294574249286
41.160249686788184,39.60571422085067,232.91458135261087,166.28468554772323
32.75957829251338,32.12255205568631,185.6348763197479,147.15615350393492
32.962681128117225,56.54023937867492,174.1167270787064,165.9058207261785
36.40777889373782,40.43184911109205,220.8043673574198,156.7893129005928
38.932764241440765,48.42664218675122,188.23962080242612,148.63004510557542
41.554537827990025,41.809208817584484,231.79809152139865,144.80603628173873
47.37678108474776,37.38613693693986,218.51017848730092,146.5909212265392
44.2882981160101,53.79023909743351,220.50707969601433,154.2831669237524
39.20030735018287,55.314086122118525,159.02132866398398,150.77156496217717
39.904918960486555,45.964427194912965,236.358319561592,144.06188591931294
34.987353176810956,31.86270395498563,207.8375159370157,148.34368589682367
39.90743432003805,46.176288862232624,188.9216858226139,150.7857702971915
38.55670680539931,52.74262803781782,204.30165402026753,128.71265905585187
41.613592801690444,39.647619018581096,146.7129430130504,154.581681147887
35.86384528223839,51.28351943845409,212.25958434442012,140.20278775283194
42.59673257120586,49.89283105578903,169.11885475453786,138.46667596794254
47.66369456501289,54.05504049720762,159.41989142469396,133.1265565288929
39.45619925771571,50.83706257889907,154.32922441346327,132.0610750213211
42.00855861049471,43.18851741382911,233.38065124969776,136.4455249688771
43.45071995855556,58.37600051165144,181.12209818921633,142.90979042369509
37.99389764057082,48.89029298881121,246.01183129749498,169.53259137526567
41.12046240905208,49.80886822343048,183.92595610843108,144.74120324104797
40.06296200390897,43.467124286487625,148.7792612722116,151.7775010626803
40.488380492744156,46.89702424165943,166.5042668015402,154.00481386506328
36.134951080722665,43.806381001811694,237.07434860020817,151.3106518621585
40.12255087129471,48.78937758053604,195.3230546619,149.22556539274007
42.48999145622725,61.981959360996406,183.55138110528196,138.04706236400756
47.25571803897521,40.39669199948051,204.80054677558363,164.50927548279213
44.79635413042603,38.705070214862815,215.05348208502636,168.07196643637886
50.76591228755778,60.29819229245526,233.52196447707382,133.17341305877315
36.16326218555975,48.53473425993694,243.4549768967878,139.7597140911362
44.36160318360339,45.316490829380584,189.20694062632742,147.20189657622993
40.91671002869176,57.279332811772534,160.21856941753884,140.3546220508981
50.94901466608836,45.76069122184195,187.5960451663017,155.05965553455866
35.95850857322424,62.78206799482855,207.8084151974866,142.71727797593388
35.80139078909612,54.745481099374885,171.08723221368166,171.65056067806603
37.003036772779886,46.58462014298008,171.2854725531487,161.90548594343596
29.380521378450965,65.10115749285852,210.31363644649656,152.12574030632214
37.37122489159619,45.75999553897663,198.54042945288646,160.26986263319733
36.20433669223151,55.194667604065145,200.9839098623476,161.0590042435731
40.75196893238104,52.09504806284544,177.24513995899792,144.36052511941756
41.7087798788858,59.11218902579159,193.08797857382697,141.83782755458034
49.38085419607943,60.93057837708797,172.27300567195087,150.78143062969647
44.75211919093025,50.22402904346037,226.7059523337436,158.61636124497943
37.115481721687985,44.72607490757672,231.05748004171258,151.3906039865342
35.50792664325821,53.219805000573814,144.6143641328572,134.23003517809002
42.45959585753253,45.25599241173526,172.1146741942277,141.97175556049157
33.39883396489679,64.09371073268636,155.10412234729762,149.26027136405622
49.157293829271765,50.95574731757916,180.49928196779305,149.2433439567417
45.897200603606436,47.44274914081524,197.49686090628919,169.72542176789807
37.65412173947647,51.29276214105436,156.5106434090441,136.14012057601002
31.434327354545612,40.570115973292125,172.3442056062406,155.05589241835875
46.76936187082706,43.19870173042544,169.88127883755504,164.8911310832829
39.42730077373691,58.402897355610975,206.21801988196833,172.71449745422797
46.18908155986731,45.40174004720023,202.0803301110875,145.95602576816037
32.02786170602816,42.671623121226425,178.3478733998824,154.914294527202
37.00312488523114,53.756569267691006,205.30462616418194,155.69760357198646
40.026218498590914,58.29992908264098,183.59959746238204,151.95481731553292
40.23490296882371,55.032673174655464,191.8503466902184,149.01154798760695
37.749672642603784,56.97233380064071,250.2035627089561,154.35975389500047
43.114249661737496,44.70243438001378,240.21383155371043,124.67753914780315
34.66189785308703,40.04732533280709,161.01256289217207,156.8206949006263
39.288102574893536,60.50933556368841,224.89197253637525,151.26177903661969
40.601478158559495,47.74124112810505,224.34189663474777,147.77525103221734
42.57219417029374,48.24416888481467,165.55210133742145,170.46862195719558
43.558074390444446,59.2973589929434,224.5633293126458,143.25065981209448
34.376789540810655,53.89361006580462,246.13795755237658,145.9692401093497
32.329429146321885,53.191214404571255,166.3236558126676,169.91553302204733
46.38838410949255,65.1550164143076,172.4749153695721,141.67938695150144
41.66157005989796,45.495372387338996,230.52984400530508,144.4988471706346
36.25756731721723,56.49488089656866,208.14485932476944,148.5297457656915
47.75575987761262,50.39909187427959,216.5442882571857,158.40734482129548
40.57837317146429,51.880145952042795,210.2176764920149,152.07802507353313
45.89648592031913,60.69927898488772,211.72087762784432,137.0737465284774
40.33759240705054,53.55485029402737,160.2058361506675,144.6783143687281
50.303739624409936,53.76807255334743,231.41953119864345,143.9264556678779
48.77670421221602,57.507551361168616,235.08769977283322,149.22778954776953
38.75517925760463,47.4453308931998,193.11827767795916,154.2584365862983
44.85785475477178,44.12553232862695,198.69569150558414,154.18205755887973
43.226879747925736,42.686335641852764,154.06677492332835,132.23988245951597
46.843157787661745,36.235503874367986,215.42764268053506,160.63940987560855
35.17538269709948,64.39344990958226,217.16172325142432,152.52568845996623
43.4302572999922,42.277541439948216,198.13426949002067,163.84532047593905
45.292122434247936,48.451224634899596,233.73060079611508,154.44198327290673
31.20630256788443,48.06230690077756,189.97768307060178,161.01322957735763
34.083707436671126,52.151846884663705,216.938177776808,154.66545311450128
29.803839111199498,55.71016048777508,169.41006983923654,163.46225756202747
38.65296582777721,56.02331441851822,199.29343547377286,155.2225063601778
43.58771127897981,45.91845793001743,194.7693722629149,149.02084753557097
47.51178526048014,48.83014800349512,206.75923766122824,172.7243472044688
40.37047390209887,51.9780596534181,188.91419213499924,158.89037122279893
48.14307772785646,48.25916211671517,196.05582212984996,155.73744421004415
33.099492708925546,61.25141903213995,224.7814151432452,137.23695583461665
31.483087803224226,53.43682466146776,186.89707288285348,137.1169238253646
39.722261505516904,55.14414450234872,151.8026869778396,152.92715482141853
41.92032724469654,54.64016888067189,252.48751712616263,151.4552119776824
39.836526259529535,58.21431700239727,241.44362236071458,143.85877434991684
29.662789499800617,51.26715091092595,161.23211914683145,151.40982699612061
39.55439980243606,40.922176364309074,220.69123415735584,165.88626928043595
33.47765249747573,52.79781566226849,184.9107568834597,156.95402474550298
43.348362744150194,45.4405017434572,207.9046164599318,138.58991490247263
41.83299123048424,46.2996832277517,208.8267238704048,148.88491172857056
35.30060106836322,54.104548131285654,192.96776599051034,141.95033519147438
37.43066541331653,58.66798150003545,176.48703003240811,146.12300083591438
34.703932390555245,50.148901037152434,179.28376843051223,145.86384334370356
39.686604513634144,52.16183108819275,172.51424253556272,145.22354417395994
44.77571160250619,61.91550461244667,175.04533375308665,137.44864628026605
35.071369768322285,51.68527225641998,197.98465129851934,148.7234531848181
42.52023257758922,68.21178179926277,178.52720032667744,144.3939236315269
37.348711908137794,53.95856751942081,220.4615619713786,120.70551309997732
36.03563583868828,37.674660685909274,244.61738466007782,170.52972024501662
39.46484820022721,55.27339134773173,182.59840275889871,160.8876965421667
34.82378838790313,52.668108694179445,207.18213501606132,146.23699275075003
37.23175347326409,59.02826927857922,214.990553309088,150.188190497406
34.010610537055754,54.71226945888971,214.16006812757823,138.28345652682438
49.82362566458195,49.03080811211358,202.27865803748261,166.95722877810866
40.17631775985864,41.429912345974444,222.28047255079167,168.97288694773113
36.501372460037075,48.53683719899782,214.4674685804197,151.56693728246523
41.06989955367111,44.046356820534896,162.87012733018105,160.23530644185345
39.43835975154585,45.93633585136694,226.07468193167819,151.75286778933923
38.89515200233389,54.12004883094427,226.61872511800226,136.6327456112407
43.07083350021713,61.689331530459846,177.10141687464255,145.88176631036342
43.787538550236526,52.76270070876087,201.13813506342805,151.31927966771957
37.34749426194736,41.62881856575371,220.49986978433208,145.45452281256556
37.1209087967766,53.11221867754099,193.72058541261916,147.81346722564965
38.62474151424178,58.37642040651956,232.18934143298037,149.08600442490885
28.490394176322077,45.731519669764324,270.91617483858084,149.19121502134539
32.42404468900724,49.061879833289574,176.42041902095053,150.52258490497482
46.83437133722262,50.10281736310438,158.56866190538676,139.39394933603398
48.22483856750642,44.50571180842432,209.11455786814628,142.82983850872063
38.75481980221811,54.537963036907016,221.6468751537843,137.1541573430003
42.88278481527883,49.15336295974553,193.07400878465694,159.778155496862
41.55625077271768,52.93672710734919,243.59781989963102,128.94353058159675
55.39440404227619,43.7875547553853,159.84182600830252,161.53590343316927
45.59787455717289,46.937791897736126,220.78755869094834,163.86349397262842
39.36041204259617,55.0566695047944,181.8241753772332,146.9781941301738
35.22229779699787,47.39016793535763,251.5813371862189,123.96862912172702
31.96776839871214,62.088746958633834,259.77546059504357,146.3868943803271
41.017318179336115,47.20254670069778,177.00030236649957,149.3581583871118
36.21824627357849,51.5727930802632,183.5132859227426,139.89401780071086
32.888731452011626,56.528135823111626,225.78763660939404,144.84781606191757
36.76713557878737,40.071439869468776,188.38608050631456,165.3019519886335
34.592259981928024,37.674338316134566,198.63766346203286,156.6492716230174
48.43570817536282,39.32040579800933,200.7616526162723,140.754358856219
44.408198784747256,58.838088723990275,142.4098053140703,134.02400830404568
39.960136793416915,46.13699297875287,199.58486761717288,146.7298268239023
47.39972069445013,67.90739499967776,179.3081667780748,147.86543220649563
40.386841538238095,46.05026680939828,185.20631532800684,154.96199187363317
35.693578993358685,51.29185912237926,243.30896010406443,144.64683287432342
47.61562038634828,60.79476966797513,162.3047931716223,155.11499575361862
42.694550218423295,64.04265021711386,224.3961556024393,169.3515404006023
34.81376922836772,64.43052503645478,191.63111209004575,158.15501022444263
39.04830660958196,58.458563614152,191.60719494512497,149.51911492669228
35.62190873307621,57.168437680680235,223.71115688155135,148.16849528946705
33.08600134517832,54.147688644408284,210.20153883706672,146.43326865820129
44.630887737658206,55.44852753316646,217.11838991658593,161.80640912452145
49.54708320235065,46.141699985700264,229.04553981598582,143.72686554048698
33.00716213090429,44.27260781604385,190.0607485045003,150.45222708999984
42.81484618345286,49.976378798123335,181.6328979647675,150.51197901881085
36.746787154390866,48.8087076423255,167.44548420326606,144.98215807188467
37.56437308117652,46.82740365470907,175.23768410063136,136.27534452115898
37.03803037880566,54.874712132197004,288.4728327592618,153.2297450361767
35.68004615160092,56.687136459993575,237.34038742210362,149.38996028144618
40.24260813972413,50.61884820404293,159.46776901375935,155.0024046943657
35.845249417944814,60.34271056738683,160.3262612976929,144.66399693560834
41.35228412889919,42.00817620106547,214.45598185155475,162.20821298813047
39.748809452754315,48.644383785041974,216.417943921339,141.23226218788156
38.80525976566795,44.98224375578037,216.46651505952093,167.12040284017894
35.46218168979201,36.93424368048858,192.35132619338907,132.52363490171737
37.116143347158335,49.421235199101105,196.236372199913,154.34770064556892
43.77695612912878,49.147767441317015,209.8363857247807,154.75430682526624
42.504585938121906,60.59414820269492,202.57679018879992,142.04442932059118
35.11222377600724,54.41568179188344,133.42098881757394,154.24393937861012
40.49666152714613,42.830692229695565,193.10601108274417,162.7951866976016
43.75693561685895,62.978647964339316,174.45780697219058,127.83181160645935
31.652973594393142,58.54723586867747,205.25634256725536,155.02744807490814
42.71680096189967,54.07468392428031,289.5577700781023,125.06729179669922
36.686881205270765,48.41461130805118,211.02444996422912,140.34335196476792
42.852993342965796,43.28392534293564,190.59410941482807,166.29166364900945
36.18370421728741,47.39455256750263,227.65404505931755,144.18217966607946
30.975589496677404,57.6212403379293,214.48063661627637,138.26120035591026
31.862287810584185,63.19210414154226,212.60283471355524,148.0206227101532
40.24042473330691,60.80270469790533,218.20551779647013,170.67906338163553
41.29861250860741,46.57805404749608,261.69630694488626,131.68317752793973
35.47841687447796,42.16267796697692,166.07334694022254,139.48690088360655
43.19296229388687,50.98620372837843,214.20896230434363,164.97431683179627
31.6923996886552,37.62092444106004,172.20856610055384,168.57702343537733
39.669601006763415,52.26217399929347,216.66537939026745,148.96568775709716
33.94491900118771,48.96678189590932,172.43940465541718,137.60947297473356
36.7408194609892,46.7377444869223,187.47899559184748,170.9584350180916
40.23699335658207,38.837078529132434,191.1473025728628,165.94442391749197
35.69793317358024,53.595200745988016,229.27450158034128,156.78946987762234
38.077222278850876,46.27109412236662,227.5536333182724,141.8759765106258
45.0314640460722,41.81058215002798,162.62847870660846,149.50970659161962
37.115540652384254,29.894164507028457,201.64802332999545,148.3963991895517
44.17846056032571,49.80739566464555,178.7126043575248,153.30851304615578
34.35146572671191,62.40576117668821,162.24485267973995,164.51001438131337
42.64902088957641,61.62881450183509,193.4894884872689,158.79417041137404
47.207843103289505,46.8003262038961,190.74551634632542,139.22623923015243
27.641777499363553,45.78451557746754,272.8014945903657,163.7649645001954
36.015523722647615,53.28141979252516,212.9887947608209,153.13132140013155
42.8853606359027,43.01130192568196,158.6714749773729,156.87065795858916
38.984773069785035,52.11254329873626,183.05677987487172,164.66540859278604
41.85572936685654,55.36256194869283,230.64149886288195,138.8841975048645
36.9800740664209,58.58853256719016,262.6532831860977,149.64174421293538
40.4329489373645,49.29892146464033,152.42050063286126,144.68545448640785
39.221613823039604,48.57428374876124,143.60226844582866,134.32140574634545
45.838910308299035,43.85412189270407,256.12895526115346,153.4670997760492
41.272104216506065,44.21183752172098,211.6884253211271,175.11556551584422
41.68801331037601,48.41464775668931,173.951218043709,131.59922255494246
37.94061516938766,52.571558547713245,216.03887258367305,149.6771938895053
37.56196887963753,56.39509238363274,120.92756782949367,156.40542935074774
37.8372090609019,44.37774734523759,200.10126519791484,151.23078201656182
41.97226071189149,60.44881998271665,209.83463518529257,148.8687194748426
37.895077595898684,48.10213479270202,227.72810418613489,137.00783636554175
41.448874284482066,49.85042893956095,169.58312143122387,152.32786742940164
50.37700399322719,44.76951824596524,202.57061484210078,142.43236022984073
44.35562351715846,33.03031817808941,172.23726121821238,128.10078295021447
38.369882339160796,56.18831777452735,207.6615126702295,161.94592220513732
46.00606961081972,55.157907279647034,173.13961032910927,159.58385819842042
37.95962313489224,48.030707100172506,187.75697482519337,150.5166097685108
29.80937732411073,50.4689350205741,170.12553815629312,152.29074688205702
34.95956844541298,53.611574523928695,219.5340872547097,160.74318012715563
30.646040394870724,39.0621790017942,225.75353349969996,152.24339656778082
38.24243257979346,46.296631258575935,192.96138290127757,159.04017554761313
40.09209189594776,55.559852757352786,201.14713984880086,147.0251779912615
48.382186561376415,41.219974037815255,156.54225756099368,163.11983738573946
41.63463686882081,52.054905525166404,191.00970055979639,153.20785725932683
38.90449735595568,40.503927367636166,198.49386148874765,151.94051943605874
44.14702790591745,53.265009877034686,278.62379273089925,137.29938911287968
28.944323454960575,49.750509623917615,166.6409892267751,152.8695585430171
41.17807279054283,38.69407728866143,243.92531716257312,141.6804508250555
43.85432596943483,58.1531754812002,229.90576320397423,143.61717273471507
32.60706877110079,44.85785896241366,208.4190921347041,141.84624371683879
45.71877021603464,44.32823294089933,252.758614525854,139.33765068100774
41.69248203747207,51.4039843806166,211.16316417820588,171.24771403016962
37.923560430495996,58.040461446001004,211.67477587003788,163.31339061988405
43.163909330531425,42.88924726715122,198.40638040947363,169.20367502144262
51.35346428902198,50.4317589489358,236.70706647255884,137.77104980444437
40.90933127529247,53.00171550231401,232.8940770143265,150.71253749910892
41.24110293150168,54.85173925084201,181.2296813751136,137.06492374795903
37.70319550229878,51.235090886940576,160.42258416203697,143.04305122802936
35.75077815267604,47.43080512641674,193.91058087813028,140.81873016583424
44.15167908272123,44.20686845545896,175.9988430680706,162.3958400644156
35.719580870455665,50.60300718132462,198.09426276153934,146.03770321898241
40.35783118609696,42.495026916100755,237.12314404052418,160.68379333694017
37.61171276617441,29.550546615537748,186.2809503473963,156.04120889588518
42.39489912873196,53.05591862910367,198.71529856065274,173.03638752104789
41.668310526434745,56.32754388760337,201.74068204425186,135.20555776860277
45.1876997212895,33.45947295120713,225.45292646615854,162.59233239786798
37.44991800572627,42.931885067030436,132.59331998046184,161.46440870400727
38.65062532353314,54.33407982703638,181.7989911570411,140.26621161972966
35.106181421088465,64.40246828798189,206.33851076838417,160.0713333647316
37.778533699619445,50.14555595372786,236.00236869280585,153.36144963026229
41.88650246522426,44.90397941139606,185.24292657481385,147.72523740046591
43.78494308322676,48.719724912266116,143.70341881874378,141.76064513028
35.389173379111874,59.62413493403729,218.59134337898408,142.80890548550815
44.3480296005283,45.47825074612825,180.93912833523112,170.49812095785927
46.778189294024756,44.405655953448225,164.31000022728915,150.00682818957483
42.067174516118506,46.62079534472577,181.26963830860328,157.8213000153146
49.38397906279033,43.326699742189014,194.46423927032453,142.09100618332448
36.13105400448214,50.85869221196357,181.85766006385361,142.20147053778362
33.776726483442914,61.37274920928692,133.83301828702793,160.81984809249943
31.106398755478608,52.261554911812205,226.91198590661395,136.50423788448467
47.480221557445915,48.23352548511599,238.24625123836165,145.84786232094729
43.27182828177029,47.95732111759119,219.54565974018516,150.34027411072233
39.72207664544772,39.0576643391234,165.8694298872555,151.1137260184005
41.3998431315991,56.18176844003011,193.95525398157446,148.20906714983843
34.37255476350812,49.45513962091039,199.80436054311625,153.95819781095923
52.228759898084135,48.73664060486562,217.9638316868573,156.9285575581781
40.64610590987614,72.35175297491402,220.05021466154244,157.3463754545933
40.546973973024464,52.091270358559804,177.97478603664513,140.14196191332172
43.62883311949346,44.73746264933371,202.45986669240682,147.15844902071203
42.40504615868357,47.0154968265612,213.71841213845724,161.9476286187694
41.119420121395656,58.039119964377285,243.67466966440298,158.94647187573872
36.04762772277344,50.79289287376435,221.1351961947417,136.27140548518935
42.35734178567998,39.93205415177843,223.67170062126556,153.51479900352203
49.41012248237517,56.434602542026425,202.51479883788082,130.2177475062519
46.72710023077489,45.32299140122704,242.3137743561051,150.4693490206037
47.965933133196984,63.113084433522815,212.29288387878492,168.97767016745976
37.443921617844076,57.56033646000254,174.16736269479287,140.52107282731015
35.0519758987071,46.86874673038874,242.10109910375573,141.6567695450842
39.37106539950176,58.96711453214579,220.93709817617082,157.6402978157286
40.27862456144347,50.474988573691824,186.70867936614553,134.57198484790354
45.47095759235474,55.969415725855534,185.6152109780227,143.67244970114962
31.537676851425903,53.39312972106132,208.89726635422286,155.96441137581752
47.64775159730307,44.075503415063885,213.89554385802754,143.65714152310596
39.20996050710505,45.495151173777764,205.91876796893618,147.64030012789027
37.8655946502629,57.20972572306813,209.33926020328656,157.44185710315034
34.93947812369916,47.65657267525421,250.99872123729142,154.2154608353656
31.725716640671152,47.17446075730602,232.14629456704657,152.66818396295403
44.11585291980957,43.31414194455453,205.71906773795072,146.60877720729962
40.36658983594202,52.96519345915423,228.2393174230245,153.70061115268956
33.55019550129473,64.43767443470202,169.0242828941738,148.76267319900242
33.52460613968192,42.52726960022009,211.93781149840427,154.57805609925785
38.32107650354936,50.16953619670931,254.2791904919933,145.0306797488202
48.34510762644696,59.88554388790801,193.45862313822877,148.1743102562046
38.702043243181976,49.44251026127999,174.57098214142746,140.10042207447987
32.48428523440947,53.166602573748136,180.43733334220818,149.64992389993765
38.77128467957028,42.56324530297184,167.31100887972835,141.88999136371154
38.63638215126165,52.99814968045354,176.4571427561689,138.85953549838007
26.515566785292144,48.68999014496816,188.88475704229913,152.5866114785539
39.72852566741094,56.90010996975904,157.83298942464074,152.1273977585766
38.84532734895661,58.31170236095326,200.4685500184881,157.82873734948572
43.48103182406709,68.1269454941303,227.06831521359942,145.688744304249
49.244780474726724,54.05743221249503,172.76731459559238,154.08052846836756
45.632825147738785,52.280574216075166,245.57851770925305,155.50797572273663
38.65555654722585,51.36069011104135,215.32376265582784,154.44773807831595
34.46737045629165,47.52783595032518,230.9174175687217,141.7434631719786
52.8667990162493,52.36938690423184,180.26496338443587,151.4936348227119
40.29609217007244,47.93219012902679,225.63575681199848,153.6414029605466
40.06964645956473,51.1792268338873,167.2419829881406,150.07178466907942
39.87937456444998,59.22318274925572,226.70742502509526,129.13522341628916
40.99042380383928,42.954202043042514,205.15518019380593,151.6048962397348
39.27819794038029,57.97914992790332,216.5975365995435,172.12531039397243
37.13168996559882,59.21980547137906,164.73216183125444,146.39960731243016
37.26570529379804,49.17352031106245,173.14790473170186,142.71922902144678
39.83623364892001,35.14701570693984,217.91684654760155,153.73348559711397
37.282876144331176,45.74524609033897,171.54955987327398,153.1237821046657
36.43577108661418,59.07896182592776,213.89618876297368,161.92735165416414
40.53215113845948,49.839923563907824,158.98586580619263,137.42131844091114
38.72511391289572,43.004884373935624,225.44522638000004,157.31380252574994
47.51996494291345,46.46657555140248,163.02430055694472,155.90422061251462
26.74515095803494,55.88434018553187,216.5689981303857,148.57853463059453
45.45753425961231,53.827134977409656,218.76892800938003,153.3868731792169
46.23042596248815,48.32747530581214,179.09684544711274,160.29457481598357
29.63304883795925,47.43222911729719,217.4607970125418,158.7231538002845
38.28656202959826,47.25769295669325,207.81326790000668,138.56980687926273
38.142795670021044,43.54312870851048,183.83474431421786,158.20158186755484
32.96244152641089,61.30762982628609,169.74335947771377,149.35311394967482
36.110916562045624,47.74375671552062,141.12122924982262,150.72874098015515
34.44712077267086,58.520109645778476,210.4895014189908,150.73196991001694
48.761352217118116,60.64921236345716,153.05591685913834,148.4975701120174
44.678391965737305,56.98817628703572,202.86032598323925,161.91707497107066
46.35777547497079,46.97865781097366,192.09655351753253,149.16282040150787
43.60836032021618,52.82611063235627,220.37428326314586,138.8045387161683
34.354741143913856,49.830630755263584,190.93863501530407,146.0647014403027
37.37739866860113,43.6740869748891,190.11656640958725,151.78694716810475
42.44687280613959,52.270514972051224,221.95612112864887,162.2921478429705
33.88936095554027,41.74672146188138,210.05174087252354,156.03094684948834
43.56499215086194,58.31375571923095,209.48467871548334,141.49464721252957
38.79837300920933,46.74767891891125,214.07802769425578,174.8518991667889
38.12589596225201,51.40811759110988,153.93283630378681,152.64775310977979
43.554799841017456,51.983015100822996,222.70366039960945,162.75390737999015
42.2213165574302,48.187665184071456,218.37406382040808,148.4828556642277
38.1951691709046,54.10685661032692,169.4995061427051,155.33359244705449
45.79664901682124,46.67567440364233,192.67758578977396,158.39468504518405
34.59468336200051,56.09908108220071,198.82078137117105,162.18194711754256
43.07967803472132,40.57814223827276,195.96509646794803,160.57368305378225
42.96550628984192,50.884657056824885,210.01579899705604,158.72197000072978
38.45226780343005,63.572502993407994,242.9410034549355,146.84913268805892
41.63066511121059,42.99768072776098,232.45300183018486,144.2825395804394
33.74443211807348,45.25578520632604,160.63342419705782,153.32607510324198
44.6201350960345,53.5973549476124,218.66209970918146,159.33128072341069
39.075489317785056,51.25707247357719,239.8679995860623,147.77279299223392
37.3863848974048,52.45441069491491,211.60425562067607,160.65171965714387
45.245046129184445,53.424309911033646,232.729412755579,164.5261674548618
36.4782815472862,54.44305027993239,260.36811337102296,140.8367908092658
32.957693518182204,57.76789889369356,230.71128638320943,141.6307929620372
32.21685413238048,52.86873059849959,207.47925786925185,148.59624941094663
43.0300497567282,48.3111964176702,231.3526542225426,153.07612668189196
33.597853237518585,54.70801590841912,204.34663499290673,144.75432986232948
48.77397090992182,63.29917354426651,200.71709129854867,163.52202678867144
29.59035296058139,49.071563775321984,189.45757292858804,154.24066861518452
48.48228184145019,43.17829486730551,246.90240076496326,150.3944704824074
41.055087336013095,57.74956468500881,175.44714002173995,135.64090476131472
39.51643444064804,49.15733185232481,245.97103174034348,136.84184183572492
37.27540456595525,34.79131317790175,214.99592371221115,152.81009250281807
41.99568057176035,55.93195174005295,158.02081475594176,128.67404373845164
39.811826487875756,46.252702698322544,211.02947878974265,160.1263740964407
45.516509410082605,49.366267023870876,136.99920477045129,148.4184615562768
40.5711382433102,52.3238623139831,218.76524050493106,182.43092969594733
40.751508807309385,51.33349775845346,226.55694448966972,173.0791625061611
38.18193893893072,54.966162719973276,182.22932133043838,148.18550930752482
39.71527188139466,46.951595406011094,203.70643087866748,148.93662997468684
41.5390088444603,53.59174058723258,258.6247230125086,159.9558151400203
31.449158036716874,48.18317325691258,184.8275988721419,167.0317260991804
33.25907288947143,55.171673366212524,168.23277238830198,133.61970942563983
43.71632047011357,54.30757238809137,244.44990207387798,132.13624534645314
40.85432719063971,43.45192908568783,258.87761571592387,143.7796519444562
39.0800833182366,57.60187481322522,200.1108701554354,155.82737583173864
40.09216966532696,46.24825588420166,230.3438910622507,154.96873590507596
41.737908526808354,55.65640458796801,240.24427746592642,160.6977145498385
37.30120159845319,52.57101119380938,177.72547302384848,138.0030247163469
36.108476372988434,62.86728573756586,185.44082493896394,126.83856137031123
40.97922627548841,48.43573812339704,236.92623539464205,158.58014195302144
35.10813611192484,47.55478242717262,250.55042836125529,141.71803727034765
42.04126377857236,49.86406275878587,216.88642580523066,129.81512135611362
31.4870819788108,47.87774152016007,173.60556939493836,151.45063745959382
45.14577818662822,55.59959331359435,259.61183335098326,157.93175688218676
42.362987412065216,38.68582574094388,184.07087306564105,148.77942867878724
41.28014867156938,42.62422306597552,189.94586656485646,145.4215161381751
44.91345491972757,42.52537954894565,210.27013503468865,148.40637767854093
48.32737222231288,56.65215314381503,246.62481262144323,146.29417237599216
45.07185032509065,61.97429360807348,225.6192792965667,136.51952888059833
30.795628843341774,49.268855470237696,212.44596501085732,142.85319323009568
33.60211516632149,48.81824793766992,213.8986559035432,155.21279905013813
36.875907111521606,50.49036514179227,201.30544005930398,153.216785413765
40.130455251054165,58.13314811825733,216.74418543555518,151.6805980596682
42.58829510234561,43.50852806066598,124.11319766917092,140.0485151814662
36.37128093423267,51.66858287914349,191.10177622790604,148.18496837864333
40.93383382238539,56.82638340847701,207.23965804750344,128.22934953557146
36.22308533823339,53.507659189578916,165.46957749141478,151.7847666388539
36.94241098504026,51.3270713161912,211.5896995343468,164.2885770781357
32.96669451575889,57.007322647969985,193.86586337041635,135.25867867957894
35.38383376944548,31.07737394900534,252.6642709494647,144.14072326682245
33.241576971918334,54.74512723671636,247.19059175644568,153.2910677871013
35.12063373511334,45.421470218108034,186.0258329264551,162.52842634427483
45.2682089830392,37.1855697220048,195.47486865299913,145.5177538369985
35.25300555584028,53.57841819667487,197.78157303174822,143.07749670734103
53.161910324186955,59.615609816140704,186.45021571521133,130.31076857583918
42.466589504404446,49.03786039760616,205.8507495208438,151.03438129308105
40.92418061847437,56.67012183042057,177.2515379333723,170.42076040143743
35.70821109909393,61.285947805920514,166.08153995187422,152.77358461964675
43.501549397044954,59.204401175088336,218.68133671700807,149.77721020816287
37.12181086881113,61.47975170559975,218.88588752665433,153.22082310766984
40.610049073226804,55.19489243750324,175.87052721020024,149.88907996051398
52.800422691343975,50.52803547231115,226.860662922878,141.8698562773987
39.519700501376754,38.78623931671982,181.05266812504004,158.23279915677705
45.74636663142838,48.27756258309036,207.59495714113945,152.25761523111754
36.48411787437056,44.097273832786655,224.61032037837367,150.17613251933656
39.82505754751519,65.19659902248469,198.99162305888862,140.2463397272175
48.85400317817755,48.76879931297364,213.64222736423403,163.0350793193476
36.86516471106116,50.8624336474914,184.50711068337284,156.6470274533311
49.062242789984644,53.860397632283274,194.10600249715708,144.47079162632699
43.538759677277376,50.305217124607175,193.82421707358978,160.01824853681939
37.18766612052866,61.86535728301527,177.60264960379283,145.02429161614793
43.1620386952776,45.641454467858836,194.69677510652653,142.17996507488962
44.86277224813365,51.3622521866607,153.5414510340876,142.40296882519712
43.10904981108598,44.802705900113665,185.26538758573685,132.2893144691191
32.14887640054772,40.75984242145506,191.45373519890987,154.71542380418205
36.364314120875655,45.717616363663005,192.3146074251386,131.6885512166165
38.762406822242475,49.740742420661114,192.75507662387665,137.7155616873424
39.62783285449977,46.99488442837918,198.14707400419613,129.24411990921467
43.10336048775339,45.15305314088301,214.3832455425819,149.13930307209108
40.88850500466627,40.15577775429716,226.23551222397566,148.4967953972813
33.323278206449494,49.41826099159913,180.50704319455198,146.73303786813636
41.90098925502981,39.46695738178298,163.90397433832567,139.57422305329425
43.05292872641912,55.320391745827216,168.73866763270692,138.2776624656336
42.7989522396552,50.57707827054152,185.3839123641522,154.64369863546574
45.40390362777311,39.797139503745484,189.44236046550472,144.4944806829151
44.16961077274452,47.83553646065096,176.90011801407627,153.16358321536146
42.29590039614219,44.73490516086592,161.11650007250316,141.14751313875777
39.649171442706766,52.23422157293426,186.31637517577434,151.8106274277108
31.69519533242004,59.383153122162014,205.44279860341913,163.03278037316065
42.14809109566293,36.87379271247978,217.85088397506695,155.86165800392783
41.03843843581556,50.80518255403192,183.27730840675036,145.8758618178352
41.35789418597687,48.87907043103352,187.610065335697,152.57198970355927
33.61625712089845,54.69938053515326,172.19905073458068,147.59334825469787
34.59471729795869,51.492376397663826,199.0568248887567,150.07880184694727
45.26576426666452,44.736214677828265,174.54714097427555,146.74388947851497
39.802224230716725,47.76662245033367,217.193834397236,148.3566479411461
43.40750348686312,44.42781900237558,146.42400524197666,152.12093353074175
40.14159188065231,57.53204997019019,189.21110982642614,140.0664130041805
40.14878069747873,50.149181540703594,209.03322017575226,139.8412117301002
44.69141902987999,63.308334800271055,205.51503548967514,136.11457446168788
37.41977635891313,49.57537430329766,280.79100991941493,133.9972889549629
40.48060388470492,45.04115263162676,210.49400073703723,137.8271730777952
37.68862355647479,39.40399925171021,169.87836209473969,151.5946250680413
37.827518862838424,37.37802226620838,197.13607258732782,141.07212484508116
38.454139382656805,38.91104839896157,146.71260999600645,155.13614464231097
41.110668858168566,51.869886557080385,197.58200752109718,150.34713748752563
37.60625689168261,53.56107516260954,175.00831828997724,130.31495786561948
46.278780627867604,38.931665085775066,227.46170826680486,156.5497558422169
35.52696348890248,56.26526819853281,183.51379176213396,158.10798645591709
39.06564177919321,46.61857263821592,196.4970225261426,140.06137325165147
37.801344708629124,51.02755108389884,180.9332647578679,154.20191542894992
47.23488942176866,61.28554439778797,252.16554055559993,141.43501762590802
40.98277388255787,56.27787521105872,190.36271701646265,150.97670376748334
45.159222697343175,48.120285464659176,254.97671130437607,137.35501593045035
32.57219813481514,43.76165442209299,224.424552863548,132.06893547465424
41.33525132934629,34.93729219069486,214.46200182006157,146.17182810387033
44.44815397811718,44.96592676530306,211.0619944195256,148.76271053725165
40.41141994637712,48.52208832820614,211.81391894648755,146.02320306385397
45.32740187532676,43.08974330994171,142.1698226196317,138.1596944177744
37.41355774949814,49.08120123035387,191.6334981754773,146.00100937868862
47.0467372009279,50.53796318071138,225.35473913552966,152.69294752580734
51.49449061809625,48.42600812734345,198.53308449577685,149.55106969877463
38.18580719780171,45.44998193423578,157.84430459589277,151.82501030599212
37.77248739299614,51.180582703767094,198.4278664826759,143.29884799545766
47.2669223855885,53.093584546985866,251.12316548766472,161.7171791471616
47.89786072865356,42.36720645790008,237.40675146604158,138.2382666344522
37.38569986423366,59.87652665822389,198.13987971901904,154.8756029708672
37.89906591452071,49.309883074010166,228.5434783117426,161.8189109295996
38.59107695569747,50.131947360613935,189.00478938895844,154.80908092748896
33.27774744482861,54.9575009627959,148.88385239519843,147.9747577293517
35.40674026757901,51.63251291884451,172.26602035611336,144.7170295333702
34.97929616623966,56.671956437392716,246.88666305524595,160.36087651046256
36.16101217447936,52.00986915641277,191.78020754512087,135.77025074738327
39.82657556306609,45.712938377516934,192.69848061874947,140.29875739620357
41.1710736626826,52.53052467644271,191.0048541117536,146.0244223450828
47.75250246407038,41.993916548755365,257.1240976871902,162.37653757511998
35.00822979630605,50.75991794043566,248.7787674608619,153.79767636040896
44.92161199238292,49.767390065488776,266.563407003444,140.31954241489754
38.93005577887246,48.54318199909222,195.22864368799847,146.89692294615097
39.752681451737836,49.10023741992749,208.86873466241286,143.85676855903705
43.37409746083302,36.827056681516524,154.50072351737626,142.90211007766464
34.386389892188504,46.15892564581327,244.30803278354824,159.7888955855678
41.912048730920255,50.6499143079878,164.96661346196194,136.28256870736493
40.83226104106528,51.1189947439818,206.50326691287887,166.08780855734375
42.462256320040744,42.80627401351829,167.0809241710147,158.28229690184622
41.44584321953909,58.859954886052904,182.33399519783913,160.90861670603698
52.276500699554475,43.936776062498495,174.882127068509,145.37060487974742
36.81130007874342,56.78620040368716,181.76374217972545,148.5005928092089
37.34501522499091,52.99036053310179,183.82631890553063,135.66848185475288
36.88429736787618,45.47640883109338,183.5519361522477,144.75337592933198
37.22261440419873,62.42717624826658,225.00001735340922,154.9365484764315
36.81306436346741,41.644542177704636,166.8541162081244,162.96063061781396
45.94508265553776,56.43407921527001,206.616242810416,138.92843183197547
47.102521239949276,57.004076226300846,236.53877456916675,146.34494063014733
37.146268531252616,45.30565853646348,184.6041090645981,148.48700779767478
35.838222134478855,59.7472571004503,178.46243327757193,136.04210797807514
42.35707778193202,48.24967439780733,193.08426124459248,155.913492417584
37.23888477859514,52.020855404959,235.3917562508213,142.7600966825739
43.164659088777555,51.82225287139855,205.82322892860074,148.04609648822975
41.0146151042565,49.059838809706164,184.06357116177205,145.48050628088123
32.42127942501384,55.675657912118474,214.5162995356412,142.10661494280325
47.737526006650306,55.55442104386549,166.9312355049073,149.92955014519444
48.97938836547761,37.760276187332735,220.44078531328844,147.84390421431976
36.93605654757807,59.13038170014707,212.25821923105303,146.28142117721333
38.06149220032008,38.36255608375028,190.76574586583348,142.71538378319656
41.429326953624525,57.2278234303916,174.84242604658306,153.19524670782954
41.67228394993513,57.886935957793085,173.39957233149627,166.53617268492286
43.29272136336415,42.363234988493616,216.04452009037732,151.39887232839126
50.05102269383175,47.12429998431791,236.86941507467185,159.9611821491113
39.11526386252975,42.26006732059845,180.88076758913616,136.09778074846537
36.00851377730773,48.49555278797885,213.7516011065445,151.5776143929377
33.10340385992736,47.84376001069981,137.38918944193793,139.02631681028933
36.34534980029041,55.45762372588538,182.46146808028402,135.23075072468097
39.83436513563102,59.17216122283726,199.06823201387294,142.60628592540962
48.97278931758894,59.769786675529694,172.709497490545,161.91899334413574
37.41194350481914,46.06482381395188,171.90480875631212,159.50015828669646
41.11893975819449,48.5354468837883,179.9666133059334,152.430047220544
39.917885519636236,38.21593265445335,208.76578184979118,134.67299440110068
45.94196636724042,44.35890953452668,194.38012944780877,148.03719348612063
52.63466212936811,56.7539614316822,132.85306300025084,153.01700008901736
37.3456561353984,61.30907976483762,136.378995420948,151.75536229578597
37.552802787408886,41.35955789684054,181.79404466428474,131.56206416519254
45.22080438534536,45.85275018592974,213.73059758160656,141.09682151980127
43.409457448131555,49.81515970128751,117.57485471824296,149.35922235851282
49.23353662868017,51.961128111737246,185.00809471545108,155.3629090951719
42.91964092662982,44.332775360548474,184.21256430447735,128.03872178900053
38.203539546064704,52.968427311248625,241.65013334625343,148.37876024520142
42.95327415346155,46.68312457050359,188.4493456486141,151.43048769878953
45.54351790291454,49.898834103852046,211.48966954222786,158.49611988516213
44.10241090598682,53.823989736025894,204.2377142026239,156.92857584237436
42.53637015553649,50.04495588867656,136.08300560578397,155.82571318808806
45.33337344794577,46.94529876631402,223.0462164989521,142.00059493298065
45.84647795222836,49.23273137251918,206.46189516368864,130.91997862876693
46.91079495518763,49.381459285562656,215.24805919023768,146.069472429386
43.24354943794821,47.40992279082511,317.7871311930898,160.0163182520856
39.16440959841573,48.188427561330286,137.47661181504236,163.93454527524432
40.733568432166614,61.19053019353302,251.74089949283325,157.10549102297784
46.03254483254179,53.92643613558867,191.37657441798933,154.29340822801734
35.91532164506382,47.93163777379588,208.6198671320903,153.79639648385967
41.84336654436451,54.87868083157515,198.63463264096274,144.4388125323922
38.0333059383632,47.66326357170793,187.2729099980587,148.6993970644638
40.143724114674086,58.21187246310649,182.90501215283723,166.6906952582633
46.39225931303649,52.58749534538666,209.88526206719027,140.57441994208125
40.95549534009952,49.2488849919704,154.48478909984962,166.14778790709852
40.23218274078074,53.13401848067194,222.51737502565297,146.7797184550794
33.200719295100406,39.003866935520506,187.5141678534424,163.25432109095078
43.731267830136105,42.11262771763136,166.09791982878926,135.93184990502462
43.22742090570538,41.64252495520661,186.49961426012558,155.8590420116465
50.8162736165273,51.00060166334595,237.7144765058772,142.63229864052377
38.461108825234994,62.12760499639565,183.9399473895133,135.84732808075813
41.0957516383197,65.61910102334842,210.7536085462886,152.18534042410946
41.246918418553776,54.4663577100853,178.0713117285358,160.09471788595968
47.887266398817374,53.5059113246112,222.7376554977086,141.55058561406503
39.52352233806524,37.392595860930825,220.56523216370613,135.00984039541598
41.3951076288517,46.20128340186185,255.45826499889233,149.08155235665046
43.0394825485827,44.485513736642325,194.73308163502352,149.1256467122282
40.93304561578179,45.654066812242185,220.0596441427372,155.483196275545
37.76783192724736,48.822993269906476,202.94202618616833,159.4959457136449
40.970449964491536,46.695365956120106,238.87615345589043,149.40584818727507
45.36815874929886,36.14490132736948,178.4350283717381,168.55503314794262
34.867423502944696,55.23537179282274,222.35015938631844,152.24234744535292
40.66484837073438,42.49079881982136,194.15908111649955,146.535734939931
36.499395925304135,51.67472804877805,198.07435468674507,133.88432640897173
45.97523314462421,64.51857868824982,202.7525745334512,147.37340479683832
32.384065476081126,43.564307858895035,207.56721189280032,146.63613054588865
37.20539076364206,32.28798734077569,196.51312870634126,159.6030479628147
41.8860593753226,47.997970446839226,206.44139549511578,154.62483624066854
47.827620146171704,57.70671744499,247.34354172686554,138.20630878367382
39.67124869463506,63.70843217954416,229.56349056845656,151.72254386411038
37.22400236653401,41.39315283883308,226.0746377749069,156.71531171729055
49.40578534720295,53.47689456265565,186.33381421928388,165.28031359387833
32.75993049791878,46.742826802539625,173.32277515315027,158.8750396741406
29.00597021689959,49.25836151987105,228.6590167471326,157.6084665431148
42.200072250266665,68.51040342911924,226.28140377589384,150.60085994615164
37.489728878236946,39.47920770123393,244.18012027252945,153.8831200542345
34.89383591434643,51.776177630462016,181.88058122092312,162.4950490070616
43.541782236496765,53.27385220235803,193.1135403391896,136.6722260252035
41.219003568855996,57.60050427457543,150.81547512423697,146.50560672783044
37.17960684631636,50.685882074296266,188.2258668181738,142.2743125124376
33.59847800664553,52.15635377652872,229.89711531738342,153.79153118726123
44.36228664140072,47.258460028047466,186.00513862315407,162.3022217565079
43.251005889793305,51.88388858871575,219.2143938560247,144.03025713278927
39.50412068110309,47.59765407151813,194.28490682006566,126.09695632530563
49.23318498023833,54.351003228992354,209.72171084664683,145.8777925497553
34.64957616836924,47.41272764769456,165.56925830552998,159.13473732017405
32.372374145376305,52.639702757315305,202.55628348901703,155.3762990294988
36.540459650593775,49.795160304205154,110.2659208729783,154.28186247810575
39.77206991822251,57.882351755405175,194.39311525514046,147.2000669812552
41.21669724661346,49.640243934880594,151.0858026885458,137.20969263780214
38.79381971071835,37.58877272255183,236.17983549640448,155.15294321624467
41.76027698257148,58.83345050499794,223.32222058293533,141.65718189965375
33.74230287904778,43.65987389396167,214.00012945898243,171.84096733380457
47.2188230203663,45.42363562945826,245.6301868147814,155.70507208354516
39.58924410803716,45.830370941695556,171.5325043752549,144.1935169744605
45.58647915794064,59.62106665219572,252.42089593746675,143.88614752611372
41.71362673188852,35.050280502149135,227.96574692781155,149.0705579338641
42.28376609576892,71.96423973561996,192.9033413834316,147.6049807797825
42.84883640116102,57.39239766346236,234.06860441548832,161.16833775529955
42.23854280008658,51.56267239890412,166.811194627651,151.86416169744047
43.21361379933772,49.615741995685994,175.2645751541698,142.68368261091473
46.64576265066216,51.9988785240036,181.742308302809,168.90440685155784
40.98260584850735,53.64785699865537,184.13066875807954,150.49308331520223
43.54501878794256,54.5165091016504,168.30327071719242,157.68839675968897
39.55132152856387,53.88923126202414,236.69249201285976,143.9177349255524
47.200586077247365,50.62706476878674,192.23436798890506,153.63115627744523
36.61803848970365,48.61863105784872,210.5751490507064,153.11109991143195
49.004702164554075,48.94108701442542,182.88945900758958,131.10350707903848
39.79921024677828,48.635642037531234,145.38190098354448,170.1527511046064
32.84612448940976,57.93639067806945,208.10172075174268,162.90644460922547
40.64052207455395,54.15489705596603,142.63235073740668,146.02804683854012
36.5947417126256,29.41727955735004,197.94097861743595,138.97730259544144
44.20321774494362,54.59130543570833,158.9505488350157,153.47561613803552
36.73688010348805,51.36315336303142,259.6182799769242,150.86697699414395
37.7690828339261,49.86903870487872,227.34088166524165,153.5566894856323
30.552296345272346,47.2803708283778,203.1726137381444,151.91577396194089
37.73846840375462,57.8687890399021,237.91120032964005,155.06240989305925
27.88060336685522,56.632685234860006,174.61052067602793,164.47305699391808
32.08048588257138,44.589856325234734,216.30438136010278,155.68103205128645
43.80207328072149,52.849366009871744,205.99431301156142,139.50344501090058
43.92900079325416,43.198402858211,207.9206024400101,163.62562852712452
42.12728780892483,40.342672846477484,238.17060500320304,166.40614563488288
35.165119284353935,45.61297942787024,221.97476308339407,181.52056734512084
39.7614432192901,56.03675430667931,208.6617098847507,138.76505966760402
39.98198730454716,56.671875317632605,150.35337691315112,152.42882013150276
34.20817655403729,53.59159794068105,171.19861114161608,129.17901296811013
47.51699150883575,55.07567050793598,196.31873199212828,155.5314915637921
44.386811452878355,53.61324800980471,202.80117122829952,144.51799701833227
38.89517913085168,45.509628833439336,166.0938882597823,169.23445794824954
40.134429194972654,53.02345781271758,272.3503002673526,142.2538502998142
41.04191403973776,55.60286667659378,245.49182165760718,133.10816962032737
29.791325657878545,55.280039308695024,218.0635496117745,145.2873625929748
38.764113087397014,58.3223936003225,202.16110583851236,130.24512228782862
36.59007876001101,54.958126930407445,193.63373090296545,157.5109945450731
34.99189995052542,52.46013745279108,171.44244619933295,129.3491695374368
38.594498535570224,57.49105166821499,202.32441555556588,150.2845758118316
48.988432634247616,49.81435118525658,207.7325762042825,129.22188180143803
43.20421430633505,43.826877441405976,162.74718273555126,146.79702195463358
37.144105051086015,48.858531252393654,210.0252925173469,166.43378155804533
42.86291390678079,44.785681486354854,195.34222853525753,153.60647891435795
87.4095191851052,93.52388583267722,224.9889069276532,198.79192541606184
89.90638953318275,95.3625023252041,261.05814785897826,222.55560501267797
90.05405061613334,95.92054324996461,367.553644620657,201.72221736517955
91.41789103753021,95.38968468054027,344.3095594292398,185.06153429859665
85.89942491015752,92.96060936058228,296.86802113363825,219.80332477918577
91.777701821542,95.4127235426509,312.1561729256447,195.65737850107595
81.88682510519168,97.92439187743527,285.28787471817714,210.53073367344615
88.11034634290857,95.89727152902906,367.8291692913991,190.451785876144
88.53517847264537,96.92397437814368,289.9823711102918,187.00346229005126
91.89998047821372,94.52597605997474,311.5921046067424,201.68336460371393
90.06789255803061,96.49980047884742,357.30150720710327,200.2565728708737
85.78331083843113,95.55853567643305,261.1314257577047,209.59654070733666
87.04502062254896,93.09817854062554,377.9394592248447,194.62708493380515
90.59604002864222,95.63704200959775,223.47692951283116,163.27280432459204
89.76279797440633,93.01660667311938,381.4821065556399,191.34452232823222
88.26262767109276,93.73423945023042,281.36622080240124,215.8763693428763
88.55749863146406,95.37865661458474,287.8650626087359,194.05247841513787
92.08850399147786,95.59448854676025,205.49949144085286,195.07233194970905
88.44692228139236,92.62153506984575,277.2602641311154,219.72753011811875
89.73572626791278,97.10797154236575,248.0096734486558,185.76053545482154
96.50980976424162,96.14401255660094,269.61768273132634,169.14393563514201
85.72895208934823,93.59054312877824,293.134451710556,196.7873776094901
84.44447180527602,91.92483040710165,347.8895807236453,190.31652097502527
92.35076899439582,94.71019084183713,310.3801675700313,180.6750736049349
87.9640708161177,94.10811257227768,315.3838326700557,196.49243088202618
89.04528741677214,95.22628091410604,245.22403055772187,209.83011294493568
87.65653086560665,94.27376667768887,255.9622955198635,199.8142287686437
89.22059957769746,90.98508627850998,389.9362509175656,206.13962145372474
94.79561433628902,94.22330612339768,263.23994826183764,236.26815397030845
92.40638537585436,94.38876177786338,382.8104126028648,193.14242276884872
92.58667053566093,96.26732204954811,287.8469400559567,205.5669726928934
85.75131883262206,93.6036006507779,300.1143968071752,189.8157327480173
86.54653879034139,98.35734934674514,353.51825801149647,183.07280560226053
81.48276402154372,91.17671889869649,363.5946210969328,188.3018469316446
87.57185753675174,97.62233499560524,294.45937198604565,190.42482856956622
92.87010955915697,94.5513620582438,280.58784732392303,207.1895159509425
91.55083954724512,96.71916974468711,297.20397757388935,246.98151573401515
89.33546021114363,95.15960296811747,316.8978764116059,185.67913127448318
89.93309914884584,97.27911107205094,344.5651843434878,191.66749388769074
87.93334337227378,94.22527607089438,300.2114929497076,198.73753973777502
90.61427664720536,92.80275914964437,330.94431490115767,207.91597697419493
92.29763483844184,97.84100857454213,381.91798661354704,205.2710162390957
85.15233963776858,94.77303870823572,319.06548061323923,225.68191587896234
90.89894306351205,95.44311694724843,315.58264280023894,151.47215858929584
92.797304612864,97.46950382808959,224.05445874549662,152.26140259608655
88.7546991331099,92.93608951581113,168.46349315854684,190.082436559797
92.10210183636175,96.19098179527852,319.41878646150843,221.94600375087418
98.44396333341766,93.82021048707422,295.2587884359564,168.68703936788808
89.68697162103932,94.73566128871126,274.2608662542629,139.84735320612486
91.17992115001597,95.14455793076858,312.17651020931726,211.42358812438417
